{
    "objectList": [
        {
            "HashCode": 0,
            "name": "Directional Light",
            "position": [
                0.0,
                3.0,
                0.0
            ],
            "rotation": [
                0.8754261136054993,
                0.4082178771495819,
                -0.23456968367099763,
                0.10938163101673126
            ],
            "scale": [
                1.0,
                1.0,
                0.9999999403953552
            ],
            "parent": "root",
            "child": []
        },
        {
            "HashCode": 0,
            "name": "Main Camera",
            "position": [
                0.0,
                1.0,
                -10.0
            ],
            "rotation": [
                1.0,
                0.0,
                0.0,
                0.0
            ],
            "scale": [
                1.0,
                1.0,
                1.0
            ],
            "parent": "root",
            "child": []
        },
        {
            "HashCode": 0,
            "name": "Cube",
            "position": [
                0.0,
                0.0,
                0.0
            ],
            "rotation": [
                0.8651148080825806,
                -0.13442200422286988,
                0.3565707206726074,
                -0.32613566517829897
            ],
            "scale": [
                1.0,
                1.0,
                1.0
            ],
            "parent": "root",
            "child": []
        }
    ]
}